{
  "base_rates": {
    "3성": 3.0,
    "2성": 18.5,
    "1성": 78.5
  },
  "pickup_rate": 0.7,
  "non_pickup_3star_per_student": 0.021698,
  "2star_per_student": 0.804348,
  "1star_per_student": 7.136364,
  "tenth_pull": {
    "3성": 3.0,
    "2성": 97.0,
    "1성": 0.0,
    "2star_per_student": 4.217391
  },
  "pity": {
    "hard_pity": 200,
    "soft_pity_start": 73,
    "soft_pity_add_per_pull": 3.0
  },
  "pool_sizes": {
    "3성_통상": 106,
    "2성_통상": 23,
    "1성_통상": 11
  },
  "pool_ids": {
    "3성": [
      10034,
      10035,
      10036,
      10037,
      10038,
      10039,
      10040,
      10041,
      10042,
      10043,
      10044,
      10048,
      10049,
      10050,
      10051,
      10052,
      10055,
      10056,
      10058,
      10060,
      10061,
      10063,
      10064,
      10065,
      10066,
      10067,
      10068,
      10069,
      10070,
      10071,
      10072,
      10075,
      10076,
      10077,
      10078,
      10081,
      10082,
      10083,
      10084,
      10085,
      10088,
      10089,
      10090,
      10093,
      10094,
      10095,
      10096,
      10097,
      10103,
      10104,
      10107,
      10108,
      10109,
      10113,
      10114,
      10115,
      10116,
      10119,
      10120,
      10121,
      10125,
      10126,
      10127,
      10128,
      10130,
      10131,
      10132,
      10136,
      10137,
      10138,
      20014,
      20015,
      20016,
      20017,
      20018,
      20019,
      20020,
      20021,
      20023,
      20025,
      20026,
      20027,
      20029,
      20030,
      20031,
      20032,
      20034,
      20035,
      20036,
      20037,
      20038,
      20039,
      20040,
      20042,
      20043,
      20044,
      20045,
      20046,
      20047,
      20049,
      20050,
      20052,
      20053,
      20055,
      20056,
      20057
    ],
    "2성": [
      13000,
      13001,
      13002,
      13003,
      13005,
      13006,
      13007,
      13008,
      13009,
      13010,
      13011,
      13012,
      13013,
      13014,
      23000,
      23001,
      23002,
      23003,
      23004,
      23005,
      23006,
      23007,
      23008
    ],
    "1성": [
      16000,
      16001,
      16002,
      16003,
      16004,
      26000,
      26001,
      26002,
      26003,
      26004,
      26005
    ]
  },
  "note": "한정/페스/아카이브 학생은 배너 픽업 시에만 등장. 배포 학생은 가챠 풀 미포함."
}